Artist Reputation,Height,Width,Weight,Price Of Sculpture,Base Shipping Price,Area,Combined_Price,Duration,International,Express Shipment,Installation Included,Fragile,Material,Transport,Month,Year,Week,Customer Information,Customer Location,Cost
0.47,5.0,8.660714285714286,45.0,4.41,19.45,43.30357142857143,23.86,4,Yes,Yes,No,Yes,Clay,Airways,7,2017,0,Wealthy,MD,5.501951847474021
0.4471186440677966,5.0,3.0,17.0,4.02,11.33,15.0,15.35,1,Yes,No,No,No,Wood,Waterways,7,2017,0,Working Class,NC,4.652816839455444
0.69,26.0,12.0,640.0,4.52,14.24,312.0,18.759999999999998,4,No,No,Yes,No,Wood,Roadways,11,2015,3,Working Class,KY,6.003837683171123
0.68,13.0,8.0,2915.0,9.0,19.37,104.0,28.37,2,No,No,Yes,No,Bronze,Roadways,6,2019,0,Working Class,LA,6.869949564246238
0.27,28.0,13.0,2223.0,6.03,18.1,364.0,24.130000000000003,3,No,Yes,No,No,Wood,Roadways,9,2018,1,Wealthy,AP,5.5874733522558175
0.41,39.0,10.0,26410.0,17.2,77.14,390.0,94.34,-3,No,No,No,No,Brass,Roadways,10,2018,1,Working Class,ND,6.69977123942575
0.93,27.0,11.0,474.0,3.53,17.83,297.0,21.36,1,Yes,No,Yes,No,Wood,Waterways,9,2015,0,Working Class,MA,6.6857610669244485
0.18,11.0,7.0,1393.0,6.69,17.55,77.0,24.240000000000002,0,Yes,Yes,Yes,No,Bronze,Airways,2,2016,6,Wealthy,CA,5.506631503616245
